[{"labels":[],"data":"2014-10-05T13:55:16Z","comments":{"cncolder":1,"FezVrasta":2}},{"labels":[{"url":"https://api.github.com/repos/FezVrasta/bootstrap-material-design/labels/enhancement","name":"enhancement","color":"84b6eb"}],"data":"2014-10-05T09:15:14Z","comments":{"FezVrasta":1}},{"labels":[],"data":"2014-10-04T07:06:49Z","comments":{}},{"labels":[{"url":"https://api.github.com/repos/FezVrasta/bootstrap-material-design/labels/enhancement","name":"enhancement","color":"84b6eb"}],"data":"2014-10-05T09:38:13Z","comments":{"nelsonomuto":3,"shockwork":3,"FezVrasta":3}},{"labels":[],"data":"2014-10-05T09:38:12Z","comments":{"nelsonomuto":1,"FezVrasta":2,"shockwork":2}},{"labels":[],"data":"2014-10-03T20:37:29Z","comments":{"FezVrasta":1,"nelsonomuto":1}},{"labels":[],"data":"2014-10-03T20:07:38Z","comments":{"nelsonomuto":1}},{"labels":[],"data":"2014-10-04T06:43:00Z","comments":{"FezVrasta":3,"beckybeq":1}},{"labels":[],"data":"2014-10-05T09:38:12Z","comments":{"shockwork":1,"FezVrasta":1,"nelsonomuto":2}},{"labels":[],"data":"2014-10-05T09:38:12Z","comments":{"shockwork":1,"nelsonomuto":1}},{"labels":[],"data":"2014-10-03T13:52:35Z","comments":{}},{"labels":[],"data":"2014-10-03T09:40:52Z","comments":{"FezVrasta":1}},{"labels":[{"url":"https://api.github.com/repos/FezVrasta/bootstrap-material-design/labels/enhancement","name":"enhancement","color":"84b6eb"}],"data":"2014-10-03T11:32:02Z","comments":{"FezVrasta":1}},{"labels":[],"data":"2014-10-03T07:51:14Z","comments":{}},{"labels":[],"data":"2014-10-02T16:58:56Z","comments":{"FezVrasta":1,"icyflame":1}},{"labels":[{"url":"https://api.github.com/repos/FezVrasta/bootstrap-material-design/labels/enhancement","name":"enhancement","color":"84b6eb"}],"data":"2014-10-03T07:46:50Z","comments":{"xvik":1,"mahnunchik":1}},{"labels":[],"data":"2014-10-02T09:31:49Z","comments":{"FezVrasta":3,"shockwork":3}},{"labels":[{"url":"https://api.github.com/repos/FezVrasta/bootstrap-material-design/labels/duplicate","name":"duplicate","color":"cccccc"}],"data":"2014-10-02T08:53:42Z","comments":{"FezVrasta":1}},{"labels":[{"url":"https://api.github.com/repos/FezVrasta/bootstrap-material-design/labels/invalid","name":"invalid","color":"e6e6e6"}],"data":"2014-10-01T17:19:57Z","comments":{"FezVrasta":2,"Kepro":1}},{"labels":[{"url":"https://api.github.com/repos/FezVrasta/bootstrap-material-design/labels/invalid","name":"invalid","color":"e6e6e6"}],"data":"2014-10-01T13:35:11Z","comments":{"FezVrasta":8,"MrHalfman":9,"icyflame":1}},{"labels":[],"data":"2014-10-01T08:47:28Z","comments":{"FezVrasta":2,"icyflame":2}},{"labels":[{"url":"https://api.github.com/repos/FezVrasta/bootstrap-material-design/labels/enhancement","name":"enhancement","color":"84b6eb"}],"data":"2014-10-01T08:47:28Z","comments":{}},{"labels":[],"data":"2014-10-01T07:42:04Z","comments":{"FezVrasta":3,"cncolder":2}},{"labels":[{"url":"https://api.github.com/repos/FezVrasta/bootstrap-material-design/labels/wontfix","name":"wontfix","color":"ffffff"}],"data":"2014-10-01T14:21:54Z","comments":{"FezVrasta":2,"npirotte":1,"StewartAtkins":1}},{"labels":[{"url":"https://api.github.com/repos/FezVrasta/bootstrap-material-design/labels/enhancement","name":"enhancement","color":"84b6eb"}],"data":"2014-10-05T10:18:18Z","comments":{"FezVrasta":6,"caarlos0":3,"martin-g":1}},{"labels":[{"url":"https://api.github.com/repos/FezVrasta/bootstrap-material-design/labels/invalid","name":"invalid","color":"e6e6e6"}],"data":"2014-10-01T14:22:36Z","comments":{"FezVrasta":3,"FLepetit":1,"martin-g":2}},{"labels":[{"url":"https://api.github.com/repos/FezVrasta/bootstrap-material-design/labels/question","name":"question","color":"cc317c"}],"data":"2014-10-01T14:18:43Z","comments":{"FezVrasta":1}},{"labels":[{"url":"https://api.github.com/repos/FezVrasta/bootstrap-material-design/labels/help+wanted","name":"help wanted","color":"159818"}],"data":"2014-10-03T13:39:13Z","comments":{"yannski":2,"FezVrasta":4,"waylaidwanderer":1}},{"labels":[],"data":"2014-10-02T08:10:50Z","comments":{"FezVrasta":1,"rougin":1}},{"labels":[{"url":"https://api.github.com/repos/FezVrasta/bootstrap-material-design/labels/bug%3Acore","name":"bug:core","color":"fc2929"}],"data":"2014-09-30T11:59:59Z","comments":{}}]